college,Latitude,Longitude,Name,TARGET_5Yrs
Duke University,36.0014258,-78.9382286,Brandon Ingram,0
University of Kentucky,38.0306511,-84.5039697,Andrew Harrison,0
St. John's University,40.6213742,-74.0908179,JaKarr Sampson,0
St. John's University,40.6213742,-74.0908179,Malik Sealy,1
Georgia Institute of Technology,33.7756178,-84.396285,Matt Geiger,1
University of Wisconsin-Green Bay,44.5312764,-87.9237615,Tony Bennett,0
"University of California, Los Angeles",34.068921,-118.4451811,Don MacLean,1
"University of California, Los Angeles",34.068921,-118.4451811,Tracy Murray,1
University of Southern California,34.0223519,-118.285117,Duane Cooper,0
Syracuse University,43.0391534,-76.1351158,Dave Johnson,0
Oklahoma State University,36.1270236,-97.0737222,Corey Williams,0
University of Houston,29.7199489,-95.3422334,Sam Mack,1
Stetson University,29.0348652,-81.3009159,Lorenzo Williams,1
University of North Carolina,35.9049122,-79.0469134,P.J. Hairston,0
"University of Nevada, Las Vegas",36.1074857,-115.1434507,Elmore Spencer,1
University of Virginia,38.0335529,-78.5079772,John Crotty,1
DePaul University,41.924189,-87.6541657,Stephen Howard,0
La Salle University,40.0390398,-75.1558184,Randy Woods,0
Syracuse University,43.0391534,-76.1351158,Billy Owens,1
"University of Nevada, Las Vegas",36.1074857,-115.1434507,Stacey Augmon,1
Temple University,39.9805942,-75.1557376,Mark Macon,1
La Salle University,40.0390398,-75.1558184,Steven Smith,0
University of Michigan,42.2780436,-83.7382241,Mitch McGary,0
Coppin State University,39.3126011,-76.6579973,Larry Stewart,1
Saint Francis University,40.50382,-78.6376191,Mike Iuzzolino,0
University of Missouri,38.9403808,-92.3277375,Doug Smith,1
Ohio University,39.324358,-82.1013889,Paul Graham,0
Temple University,39.9805942,-75.1557376,Donald Hodge,1
Clemson University,34.673407,-82.8367119,Dale Davis,1
Louisiana State University,30.4132579,-91.1800023,Stanley Roberts,1
University of Oregon,44.0448302,-123.0726055,Terrell Brandon,1
University of Arizona,32.2318851,-110.9501094,Bison Dele,1
University of Colorado,40.007581,-105.2659417,Spencer Dinwiddie,0
University of Tulsa,36.1520526,-95.9460753,Tracy Moore,1
"University of Nevada, Las Vegas",36.1074857,-115.1434507,Greg Anthony,1
Georgia Institute of Technology,33.7756178,-84.396285,Kenny Anderson,1
Iowa State University,42.0266573,-93.6464516,Victor Alexander,1
University of Alabama,33.2140233,-87.5391418,David Benoit,1
University of Minnesota,44.97399,-93.2277285,Kevin Lynch,0
University of Louisville,38.2122761,-85.7585023,LaBradford Smith,0
North Carolina State University,35.7846633,-78.6820946,Chris Corchiani,0
"University of California, Los Angeles",34.068921,-118.4451811,Travis Wear,0
University of Southern California,34.0223519,-118.285117,Robert Pack,1
University of North Carolina,35.9049122,-79.0469134,Pete Chilcutt,1
Old Dominion University,36.8853052,-76.3058746,Chris Gatling,1
Florida State University,30.4418778,-84.2984889,Tharon Mayes,0
Providence College,41.8415128,-71.433591,Eric Murdock,1
New Mexico State University,32.2792887,-106.7491391,Randy Brown,1
Oral Roberts University,36.0507991,-95.9536715,Greg Sutton,0
University of Memphis,35.1187498,-89.9374928,Elliot Perry,1
Providence College,41.8415128,-71.433591,Marty Conlon,1
North Carolina State University,35.7846633,-78.6820946,Rodney Monroe,0
Phillips University,36.3969163,-97.8774749,John Turner,0
University of Kansas,38.9543439,-95.2557961,Mark Randall,0
Iona College,40.9270597,-73.7863494,Sean Green,0
University of Louisiana at Lafayette,30.2114404,-92.0204121,Kevin Brooks,0
Purdue University,40.4237054,-86.9211946,Doug Lee,0
Kentucky Wesleyan College,37.7435478,-87.1201839,Corey Crowder,0
University of Nebraska,40.8201966,-96.7004763,Rich King,0
Syracuse University,43.0391534,-76.1351158,Stephen Thompson,0
Eastern Michigan University,42.2506803,-83.624089,Charles Thomas,0
La Salle University,40.0390398,-75.1558184,Lionel Simmons,1
Michigan State University,42.701848,-84.4821719,Gary Harris,0
Syracuse University,43.0391534,-76.1351158,Derrick Coleman,1
University of Texas at Austin,30.2849185,-97.7340567,Travis Mays,0
Georgia Institute of Technology,33.7756178,-84.396285,Dennis Scott,1
University of Louisville,38.2122761,-85.7585023,Felton Spencer,1
University of Minnesota,44.97399,-93.2277285,Willie Burton,1
University of Illinois at Urbana-Champaign,40.1019523,-88.2271615,Kendall Gill,1
Temple University,39.9805942,-75.1557376,Duane Causwell,1
Louisiana State University,30.4132579,-91.1800023,Mahmoud Abdul-Rauf,1
Virginia Union University,37.5626214,-77.4513784,A.J. English,0
Duke University,36.0014258,-78.9382286,Danny Ferry,1
American International College,42.1129218,-72.5573236,Mario Elie,1
University of Arizona,32.2318851,-110.9501094,Anthony Cook,0
"University of Nevada, Las Vegas",36.1074857,-115.1434507,Gerald Paddio,0
Virginia Polytechnic Institute and State University,37.2283843,-80.4234167,Bimbo Coles,1
Loyola Marymount University,33.9691953,-118.4188984,Bo Kimble,0
University of Georgia,33.9480053,-83.3773221,Alec Kessler,0
University of Michigan,42.2780436,-83.7382241,Loy Vaught,1
Xavier University,39.1499074,-84.4740892,Tyrone Hill,1
University of Illinois at Urbana-Champaign,40.1019523,-88.2271615,Marcus Liberty,0
University of Michigan,42.2780436,-83.7382241,Terry Mills,1
University of Virginia,38.0335529,-78.5079772,Jamal Robinson,0
St. Mary's University,29.4523378,-98.5640981,Henry James,1
University of Maryland,38.9869183,-76.9425543,Jerrod Mustaf,0
University of Kansas,38.9543439,-95.2557961,Kevin Pritchard,0
University of Mississippi,34.3647349,-89.5383818,Gerald Glass,0
Centenary College of Louisiana,32.4847432,-93.7321556,Larry Robinson,1
University of Arizona,32.2318851,-110.9501094,Jud Buechler,1
"California State University, Fullerton",33.8823476,-117.8851033,Cedric Ceballos,1
"University of California, Los Angeles",34.068921,-118.4451811,Kyle Anderson,0
University of Texas at El Paso,31.7731979,-106.5047208,Greg Foster,1
Georgia Institute of Technology,33.7756178,-84.396285,Brian Oliver,0
Stanford University,37.4274745,-122.169719,Howard Wright,0
Marquette University,43.038456,-87.9311302,Tony Smith,1
University of Connecticut,41.8077414,-72.2539805,Tate George,0
University of Kansas,38.9543439,-95.2557961,Rick Calloway,0
Kansas State University,39.1974437,-96.5847249,Steve Henson,1
Brigham Young University,40.2518435,-111.6493156,Andy Toolson,0
St. John's University,40.6213742,-74.0908179,Jayson Williams,1
Averett University,36.5783823,-79.4133799,Kennard Winchester,0
Louisiana State University,30.4132579,-91.1800023,Johnny O'Bryant,0
University of Florida,29.6436325,-82.3549302,Dwayne Schintzius,1
University of Michigan,42.2780436,-83.7382241,Sean Higgins,1
Clemson University,34.673407,-82.8367119,Elden Campbell,1
Elizabeth City State University,36.281065,-76.2139598,Kenny Williams,0
University of Alabama,33.2140233,-87.5391418,Keith Askins,1
University of North Carolina,35.9049122,-79.0469134,Scott Williams,1
University of Minnesota,44.97399,-93.2277285,Richard Coffey,0
Purdue University,40.4237054,-86.9211946,Steve Scheffler,1
University of Kentucky,38.0306511,-84.5039697,James Young,0
University of North Carolina,35.9049122,-79.0469134,J.R. Reid,1
"University of California, Los Angeles",34.068921,-118.4451811,Pooh Richardson,1
Syracuse University,43.0391534,-76.1351158,Sherman Douglas,1
Mercer University,32.8288186,-83.6497769,Sam Mitchell,1
University of Oklahoma,35.2058936,-97.4457137,Mookie Blaylock,1
University of Arizona,32.2318851,-110.9501094,Sean Elliott,1
East Carolina University,35.6068806,-77.3665364,Blue Edwards,1
Baylor University,31.5488923,-97.1130573,Cory Jefferson,0
University of Illinois at Urbana-Champaign,40.1019523,-88.2271615,Nick Anderson,1
University of Oklahoma,35.2058936,-97.4457137,Stacey King,1
Boston College,42.3355488,-71.1684945,Dana Barros,1
Murray State University,36.6163842,-88.3214979,Jeff Martin,0
University of Connecticut,41.8077414,-72.2539805,Clifford Robinson,1
University of Kentucky,38.0306511,-84.5039697,Winston Bennett,0
North Carolina State University,35.7846633,-78.6820946,Chucky Brown,1
University of Alabama,33.2140233,-87.5391418,Michael Ansley,0
Stanford University,37.4274745,-122.169719,Todd Lichti,1
Indiana University,39.1754487,-86.512627,Noah Vonleh,0
University of Iowa,41.6627078,-91.5549771,B.J. Armstrong,1
Virginia Union University,37.5626214,-77.4513784,Terry Davis,1
Trinity Valley Community College,32.196228,-95.8588867,Shawn Kemp,1
Georgia Institute of Technology,33.7756178,-84.396285,Tom Hammonds,1
University of Evansville,37.9733172,-87.5318644,Scott Haffner,0
Louisiana Tech University,32.5282644,-92.6499298,Randy White,1
University of Illinois at Urbana-Champaign,40.1019523,-88.2271615,Kenny Battle,0
University of Notre Dame,41.6991133,-86.2387627,Donald Royal,1
Syracuse University,43.0391534,-76.1351158,Michael Carter-Williams,0
Wake Forest University,36.1355052,-80.2791958,Delaney Rudd,0
Seton Hall University,40.7430841,-74.246082,John Morton,0
Trenton State University,40.220262,-74.768303,Greg Grant,1
University of Tennessee,35.9544013,-83.9294564,Doug Roth,0
University of Missouri,38.9403808,-92.3277375,Byron Irvin,0
Florida State University,30.4418778,-84.2984889,George McCloud,1
"California State University, Fullerton",33.8823476,-117.8851033,Henry Turner,0
University of Iowa,41.6627078,-91.5549771,Ed Horton,0
University of Michigan,42.2780436,-83.7382241,Trey Burke,0
Vanderbilt University,36.1447034,-86.8026551,Frank Kornet,0
Villanova University,40.0368926,-75.3425785,Doug West,1
Lamar University,30.0392256,-94.0747071,Adrian Caldwell,1
University of Louisville,38.2122761,-85.7585023,Kenny Payne,0
University of Nebraska,40.8201966,-96.7004763,Eric Johnson,0
Bradley University,40.6977743,-89.6153484,Mike Williams,0
Loyola College in Maryland,39.3476737,-76.6172375,Mike Morrison,0
University of Tampa,27.9468757,-82.4672266,Nate Johnston,0
University of Georgia,33.9480053,-83.3773221,Willie Anderson,1
Indiana University,39.1754487,-86.512627,Victor Oladipo,0
Bradley University,40.6977743,-89.6153484,Hersey Hawkins,1
DePaul University,41.877575,-87.6272176,Kevin Edwards,1
Eastern Michigan University,42.2506803,-83.624089,Grant Long,1
University of Kentucky,38.0306511,-84.5039697,Rex Chapman,1
"University of California, Santa Barbara",34.4139629,-119.848947,Brian Shaw,1
Auburn University,32.5933574,-85.4951663,Chris Morris,1
University of Michigan,42.2780436,-83.7382241,Gary Grant,1
University of Florida,29.6436325,-82.3549302,Vernon Maxwell,1
University of Kansas,38.9543439,-95.2557961,Ben McLemore,0
Central Michigan University,43.5911786,-84.7753308,Dan Majerle,1
University of Memphis,35.1187498,-89.9374928,Sylvester Gray,0
San Jose State University,37.3351874,-121.8810715,Ricky Berry,0
University of Rhode Island,41.4860647,-71.5308537,Tom Garrick,0
University of Utah,40.7649368,-111.8421021,Kelvin Upshaw,0
University of Missouri,38.9403808,-92.3277375,Derrick Chievous,0
University of New Orleans,30.0302281,-90.0631789,Ledell Eackles,1
University of Oklahoma,35.2058936,-97.4457137,Harvey Grant,1
DePaul University,41.877575,-87.6272176,Rod Strickland,1
"University of California, Irvine",33.6404952,-117.8442962,Scott Brooks,1
Purdue University,40.4237054,-86.9211946,Todd Mitchell,0
University of Minnesota,44.97399,-93.2277285,John Shasky,0
St. John's University,40.6213742,-74.0908179,Shelton Jones,0
University of Wyoming,41.3148754,-105.5665744,Eric Leckner,1
University of Pittsburgh,40.4443533,-79.960835,Jerome Lane,1
Temple University,39.9805942,-75.1557376,Tim Perry,1
Bradley University,40.6977743,-89.6153484,Jim Les,1
Georgia Institute of Technology,33.7756178,-84.396285,Craig Neal,0
University of Notre Dame,41.6991133,-86.2387627,David Rivers,0
Oklahoma State University,36.1270236,-97.0737222,John Starks,1
University of Arkansas,36.0686895,-94.1748471,Andrew Lang,1
University of Iowa,41.6627078,-91.5549771,Bill Jones,0
North Carolina State University,35.7846633,-78.6820946,Charles Shackleford,1
"California State University, Long Beach",33.7838235,-118.1140904,Morlon Wiley,1
University of Southern Mississippi,31.3298668,-89.3334535,Randolph Keys,1
Indiana University,39.1754487,-86.512627,Troy Williams,0
Georgetown University,38.9076089,-77.0722585,Hollis Thompson,0
University of New Orleans,30.0302281,-90.0631789,Ron Grandison,0
Baylor University,31.5488923,-97.1130573,Micheal Williams,1
Pepperdine University,34.0414045,-118.7095814,Anthony Frederick,0
Southern University and A&M College,30.5265222,-91.1929407,Avery Johnson,1
Purdue University,40.4237054,-86.9211946,Everette Stephens,0
"University of California, Los Angeles",34.068921,-118.4451811,Jack Haley,1
Georgia Institute of Technology,33.7756178,-84.396285,Duane Ferrell,1
St. John's University,40.6213742,-74.0908179,Mark Jackson,1
University of North Carolina,35.9049122,-79.0469134,Kenny Smith,1
South Dakota State University,44.3191071,-96.7835182,Nate Wolters,0
"University of Nevada, Las Vegas",36.1074857,-115.1434507,Armen Gilliam,1
Missouri State University,37.2005546,-93.2806806,Winston Garland,1
University of North Carolina,35.9049122,-79.0469134,Joe Wolf,1
University of Houston,29.7199489,-95.3422334,Greg Anderson,1
University of California,34.068921,-118.4451811,Kevin Johnson,1
Clemson University,34.673407,-82.8367119,Horace Grant,1
Ohio State University,40.0066723,-83.0304546,Dennis Hopson,1
University of Illinois at Urbana-Champaign,40.1019523,-88.2271615,Ken Norman,1
Duke University,36.0014258,-78.9382286,Ryan Kelly,0
University of Alabama,33.2140233,-87.5391418,Derrick McKey,1
Wake Forest University,36.1355052,-80.2791958,Muggsy Bogues,1
Western Kentucky University,36.9847153,-86.4559991,Tellis Frank,1
George Mason University,38.8298118,-77.3073606,Ricky Wilson,0
University of Nebraska,40.8201966,-96.7004763,Dave Hoppen,1
DePaul University,41.924189,-87.6541657,Dallas Comegys,0
Oral Roberts University,36.0507991,-95.9536715,Mark Acres,1
Georgetown University,38.9076089,-77.0722585,Michael Jackson,0
University of Tennessee,35.9544013,-83.9294564,Tony White,0
University of Iowa,41.6627078,-91.5549771,Brad Lohaus,1
University of Louisville,38.2122761,-85.7585023,Milt Wagner,0
Yale University,41.3163244,-72.9223431,Chris Dudley,1
William Paterson University,40.9473619,-74.1967319,Clinton Wheeler,0
Providence College,41.8415128,-71.433591,Billy Donovan,0
Northeastern University,42.3398067,-71.0891717,Reggie Lewis,1
Duke University,36.0014258,-78.9382286,Martin Nessley,0
University of Montana,46.8600672,-113.9852081,John Stroeder,0
University of Nebraska at Kearney,40.7011879,-99.1014292,Bart Kofoed,1
University of Detroit Mercy,42.4140934,-83.1379434,Ray McCallum,0
La Salle University,40.0390398,-75.1558184,Ralph Lewis,0
Miami University,39.5087485,-84.7344915,Ron Harper,1
Auburn University,32.5933574,-85.4951663,Chuck Person,1
University of North Carolina,35.9049122,-79.0469134,Brad Daugherty,1
North Carolina State University,35.7846633,-78.6820946,Nate McMillan,1
University of Kentucky,38.0306511,-84.5039697,Kenny Walker,1
St. John's University,40.6213742,-74.0908179,Walter Berry,0
Louisiana State University,30.4132579,-91.1800023,John Williams,1
University of Georgia,33.9480053,-83.3773221,Kentavious Caldwell-Pope,0
Ohio State University,40.0066723,-83.0304546,Brad Sellers,1
Georgetown University,38.9076089,-77.0722585,David Wingate,1
Duke University,36.0014258,-78.9382286,Johnny Dawkins,1
University of Memphis,35.1187498,-89.9374928,William Bedford,1
Iowa State University,42.0266573,-93.6464516,Jeff Hornacek,1
University of Michigan,42.2780436,-83.7382241,Roy Tarpley,1
Georgia Institute of Technology,33.7756178,-84.396285,Mark Price,1
Georgia Institute of Technology,33.7756178,-84.396285,John Salley,1
Duke University,36.0014258,-78.9382286,Mark Alarie,1
University of Maryland,38.9869183,-76.9425543,Ben Coleman,1
University of Montana,46.8600672,-113.9852081,Larry Krystkowiak,1
Old Dominion University,36.8853052,-76.3058746,Kenny Gattison,1
University of Notre Dame,41.6991133,-86.2387627,Tim Kempton,1
Villanova University,40.0368926,-75.3425785,Harold Pressley,0
Eastern Illinois University,39.4780295,-88.175905,Kevin Duckworth,1
"University of Nevada, Las Vegas",36.1074857,-115.1434507,Anthony Jones,0
George Washington University,38.8997145,-77.0485992,Mike Brown,1
Pepperdine University,34.0414045,-118.7095814,Grant Gondrezick,0
University of Louisville,38.2122761,-85.7585023,Billy Thompson,1
Duke University,36.0014258,-78.9382286,Mason Plumlee,0
Syracuse University,43.0391534,-76.1351158,Rafael Addison,1
North Carolina State University,35.7846633,-78.6820946,Chris Washburn,0
Loyola Marymount University,33.9691953,-118.4188984,Keith Smith,0
University of Richmond,37.5751669,-77.5407146,Johnny Newman,1
"University of California, Irvine",33.6404952,-117.8442962,Johnny Rogers,0
Virginia Polytechnic Institute and State University,37.2283843,-80.4234167,Dell Curry,1
University of Alabama,33.2140233,-87.5391418,Buck Johnson,1
Cleveland State University,41.5027643,-81.674423,Clinton Smith,0
University of Texas at El Paso,31.7731979,-106.5047208,Dave Feitl,1
"University of California, Santa Barbara",34.4139629,-119.848947,Conner Henry,0
Wichita State University,37.7186367,-97.2941414,Xavier McDaniel,1
University of Oklahoma,35.2058936,-97.4457137,Wayman Tisdale,1
Creighton University,41.2655521,-95.9463862,Benoit Benjamin,1
University of Tennessee at Chattanooga,35.0458509,-85.2953072,Gerald Wilkins,1
Indiana University,39.1754487,-86.512627,Cody Zeller,0
Virginia Union University,37.5626214,-77.4513784,Charles Oakley,1
Southern Methodist University,32.8412178,-96.7845175,Jon Koncak,1
University of Memphis,35.1187498,-89.9374928,Keith Lee,0
Villanova University,40.0368926,-75.3425785,Ed Pinckney,1
Oregon State University,44.5637806,-123.2794443,A.C. Green,1
"University of California, Irvine",33.6404952,-117.8442962,Bob Thornton,1
University of South Alabama,30.6959406,-88.184236,Terry Catledge,1
North Carolina State University,35.7846633,-78.6820946,Spud Webb,1
University of Wisconsin-Stevens Point,44.5294491,-89.5713776,Terry Porter,1
University of Washington,47.6553351,-122.3035199,Marquese Chriss,0
University of Florida,29.6436325,-82.3549302,Nick Calathes,0
Long Island University,40.691145,-73.9805528,Carey Scurry,0
University of Kentucky,38.0306511,-84.5039697,Dirk Minniefield,0
University of Arkansas,36.0686895,-94.1748471,Joe Kleine,1
Loyola University of Chicago,41.9989483,-87.6582592,Alfredrick Hughes,0
University of Arizona,32.2318851,-110.9501094,Pete Williams,0
Georgetown University,38.9076089,-77.0722585,Bill Martin,0
University of New Mexico,35.0843187,-106.6197812,Tony Snell,0
Eastern Michigan University,42.2506803,-83.624089,Fred Cofield,0
Villanova University,40.0368926,-75.3425785,Dwayne McClain,0
Rutgers University,40.5008405,-74.4474174,John Battle,1
Louisiana State University,30.4132579,-91.1800023,Jerry Reynolds,1
University of Tulsa,36.1520526,-95.9460753,Steve Harris,1
North Carolina State University,35.7846633,-78.6820946,Lorenzo Charles,0
Michigan State University,42.701848,-84.4821719,Sam Vincent,1
University of Oregon,44.0448302,-123.0726055,Blair Rasmussen,1
University of Missouri,38.9403808,-92.3277375,Phil Pressey,0
University of Georgia,33.9480053,-83.3773221,Vern Fleming,1
University of Kentucky,38.0306511,-84.5039697,Sam Bowie,1
University of North Carolina,35.9049122,-79.0469134,Sam Perkins,1
University of Colorado,40.007581,-105.2659417,Jay Humphries,1
University of Kentucky,38.0306511,-84.5039697,Melvin Turpin,1
Providence College,41.8415128,-71.433591,Otis Thorpe,1
Michigan State University,42.701848,-84.4821719,Kevin Willis,1
San Diego State University,32.7773786,-117.0714386,Michael Cage,1
University of Arkansas,36.0686895,-94.1748471,Alvin Robertson,1
University of Michigan,42.2780436,-83.7382241,Tim McCormick,1
Vanderbilt University,36.1447034,-86.8026551,Jeff Turner,1
University of Arkansas,36.0686895,-94.1748471,Tony Brown,1
Wichita State University,37.7186367,-97.2941414,Antoine Carr,1
New Mexico State University,32.2792887,-106.7491391,Steve Colter,1
Saint Augustine's College,35.7876962,-78.6188766,Ken Bannister,1
Temple University,39.9805942,-75.1557376,Terence Stansbury,0
University of Virginia,38.0335529,-78.5079772,Othell Wilson,0
University of Connecticut,41.8077414,-72.2539805,Chuck Aleksinas,0
"California State University, Fresno",36.8133631,-119.7460947,Ron Anderson,1
Pennsylvania State University,40.7982133,-77.8599084,Frank Brickowski,1
"California State University, Fullerton",33.8823476,-117.8851033,Ozell Jones,0
Brigham Young University,40.2518435,-111.6493156,Devin Durrant,0
Longwood University,37.2971798,-78.3961973,Jerome Kersey,1
Texas Southern University,29.7214214,-95.3592691,Ron Cavenall,0
University of Minnesota,44.97399,-93.2277285,Jim Petersen,1
Ohio State University,40.0066723,-83.0304546,Tony Campbell,1
University of Louisville,38.2122761,-85.7585023,Lancaster Gordon,0
Boston University,42.3504997,-71.1053991,Gary Plummer,0
"University of California, Los Angeles",34.068921,-118.4451811,Kenny Fields,0
University of Wisconsin,43.076592,-89.4124875,Cory Blackwell,0
"California State University, Fresno",36.8133631,-119.7460947,Bernard Thompson,1
Saint Mary's College of California,37.8401949,-122.1112619,Peter Thibeaux,0
Iona College,40.9270597,-73.7863494,Steve Burtt,0
"California State University, Fullerton",33.8823476,-117.8851033,Leon Wood,1
Oregon State University,44.5637806,-123.2794443,Charlie Sitton,0
Purdue University,40.4237054,-86.9211946,Tom Scheffler,0
University of Tennessee at Chattanooga,35.0458509,-85.2953072,Willie White,0
University of Virginia,38.0335529,-78.5079772,Rick Carlisle,1
University of Missouri,38.9403808,-92.3277375,Steve Stipanovich,1
University of Alabama,33.2140233,-87.5391418,Ennis Whatley,1
University of Louisville,38.2122761,-85.7585023,Rodney McCray,1
Saint Louis University,38.6348237,-90.2336408,Anthony Bonner,1
Florida State University,30.4418778,-84.2984889,Mitchell Wiggins,1
North Carolina State University,35.7846633,-78.6820946,Thurl Bailey,1
Mississippi State University,33.4551742,-88.7943766,Jeff Malone,1
Marquette University,43.038456,-87.9311302,Doc Rivers,1
Rutgers University,40.5008405,-74.4474174,Roy Hinson,1
Arizona State University,33.4242399,-111.9280527,Byron Scott,1
Tulane University,29.9407282,-90.1203167,Paul Thompson,0
University of Illinois at Urbana-Champaign,40.1019523,-88.2271615,Derek Harper,1
Brigham Young University,40.2518435,-111.6493156,Fred Roberts,1
"University of California, Los Angeles",34.068921,-118.4451811,Rod Foster,0
University of Southern California,34.0223519,-118.285117,Dewayne Dedmon,0
University of Missouri,38.9403808,-92.3277375,Jon Sundvold,1
Indiana University,39.1754487,-86.512627,Jim Thomas,0
University of Arkansas,36.0686895,-94.1748471,Darrell Walker,1
North Carolina State University,35.7846633,-78.6820946,Sidney Lowe,0
University of Tennessee,35.9544013,-83.9294564,Dale Ellis,1
"University of California, Los Angeles",34.068921,-118.4451811,Darren Daye,1
Indiana University,39.1754487,-86.512627,Randy Wittman,1
"University of Nevada, Las Vegas",36.1074857,-115.1434507,Sidney Green,1
Ohio State University,40.0066723,-83.0304546,Granville Waiters,1
Lehigh University,40.6048687,-75.3775187,C.J. McCollum,0
Louisiana State University,30.4132579,-91.1800023,Howard Carter,0
Pepperdine University,34.0414045,-118.7095814,Dane Suttle,0
University of Louisville,38.2122761,-85.7585023,Scooter McCray,0
West Virginia University Institute of Technology,37.7764405,-81.1838025,Sedale Threatt,1
University of Notre Dame,41.6991133,-86.2387627,John Paxson,1
Oklahoma State University,36.1270236,-97.0737222,Leroy Combs,0
University of Houston,29.7199489,-95.3422334,Larry Micheaux,0
University of Minnesota,44.97399,-93.2277285,Randy Breuer,1
University of Utah,40.7649368,-111.8421021,Pace Mannion,1
Providence College,41.8415128,-71.433591,Kris Dunn,0
Purdue University,40.4237054,-86.9211946,Robbie Hummel,0
University of Connecticut,41.8077414,-72.2539805,Bruce Kuczenski,0
Purdue University,40.4237054,-86.9211946,Russell Cross,0
University of Iowa,41.6627078,-91.5549771,Bob Hansen,1
Brigham Young University,40.2518435,-111.6493156,Greg Kite,1
DePaul University,41.924189,-87.6541657,Terry Cummings,1
Ohio State University,40.0066723,-83.0304546,Clark Kellogg,1
University of San Francisco,37.7765643,-122.4507187,Quintin Dailey,1
"California State University, Fresno",36.8133631,-119.7460947,Rod Higgins,1
"California State University, Long Beach",33.7838235,-118.1140904,Craig Hodges,1
University of Kansas,38.9543439,-95.2557961,Jeff Withey,0
University of Minnesota,44.97399,-93.2277285,Trent Tucker,1
Baylor University,31.5488923,-97.1130573,Terry Teagle,1
University of Virginia,38.0335529,-78.5079772,Marc Iavaroni,1
Kansas State University,39.1974437,-96.5847249,Ed Nealy,1
University of Houston,29.7199489,-95.3422334,Rob Williams,0
University of Louisville,38.2122761,-85.7585023,Jerry Eaves,0
University of Tulsa,36.1520526,-95.9460753,Paul Pressey,1
Brigham Young University,40.2518435,-111.6493156,Brandon Davies,0
Oregon State University,44.5637806,-123.2794443,Lester Conner,1
"University of California, Los Angeles",34.068921,-118.4451811,Mark Eaton,1
University of Wyoming,41.3148754,-105.5665744,Bill Garnett,0
Saint Joseph's University,39.9951217,-75.2399328,Bryan Warrick,0
Georgetown University,38.9076089,-77.0722585,Sleepy Floyd,1
"University of California, Santa Barbara",34.4139629,-119.848947,Richard Anderson,1
University of Tennessee at Chattanooga,35.0458509,-85.2953072,Russ Schoene,0
Boston College,42.3355488,-71.1684945,John Bagley,1
University of Kentucky,38.0306511,-84.5039697,Archie Goodwin,0
Wichita State University,37.7186367,-97.2941414,Cliff Levingston,1
University of Texas at Austin,30.2849185,-97.7340567,LaSalle Thompson,1
University of Notre Dame,41.6991133,-86.2387627,Bruce Flowers,0
University of Connecticut,41.8077414,-72.2539805,Corny Thompson,0
Bradley University,40.6977743,-89.6153484,David Thirdkill,1
University of Notre Dame,41.6991133,-86.2387627,Dave Batton,0
Cleveland State University,41.5027643,-81.674423,Darren Tillis,0
Georgia Institute of Technology,33.7756178,-84.396285,Brook Steppe,1
University of South Alabama,30.6959406,-88.184236,Rory White,1
University of Colorado,40.007581,-105.2659417,Andre Roberson,0
James Madison University,38.435092,-78.8697548,Linton Townes,0
University of Alabama,33.2140233,-87.5391418,Eddie Phillips,0
Wake Forest University,36.1355052,-80.2791958,Jim Johnstone,0
University of Portland,45.5732046,-122.7275712,Jose Slaughter,0
"California State University, Long Beach",33.7838235,-118.1140904,Rickey Williams,0
University of Wyoming,41.3148754,-105.5665744,Chris Engler,1
Rice University,29.7173941,-95.4018312,Ricky Pierce,1
University of California,34.068921,-118.4451811,Mark McNamara,1
University of Arkansas,36.0686895,-94.1748471,Scott Hastings,1
University of Alabama at Birmingham,33.5019893,-86.8064433,Oliver Robinson,0
University of Notre Dame,41.6991133,-86.2387627,Kelly Tripucka,1
University of Maryland,38.9869183,-76.9425543,Buck Williams,1
University of Utah,40.7649368,-111.8421021,Tom Chambers,1
Michigan State University,42.701848,-84.4821719,Jay Vincent,1
DePaul University,41.877575,-87.6272176,Mark Aguirre,1
Ohio State University,40.0066723,-83.0304546,Herb Williams,1
Iona College,40.9270597,-73.7863494,Jeff Ruland,1
Wake Forest University,36.1355052,-80.2791958,Frank Johnson,1
University of Mississippi,34.3647349,-89.5383818,Elston Turner,1
Oregon State University,44.5637806,-123.2794443,Steve Johnson,1
University of Maryland,38.9869183,-76.9425543,Albert King,1
Duke University,36.0014258,-78.9382286,Gene Banks,1
Syracuse University,43.0391534,-76.1351158,Danny Schayes,1
Louisiana State University,30.4132579,-91.1800023,Rudy Macklin,0
Santa Clara University,37.3496418,-121.9389875,Kurt Rambis,1
Arizona State University,33.4242399,-111.9280527,Kurt Nimphius,1
"California State University, Fresno",36.8133631,-119.7460947,Pete Verhoeven,1
University of Kansas,38.9543439,-95.2557961,Darnell Valentine,1
West Virginia Wesleyan College,38.990005,-80.2196586,Jim Brogan,0
University of Kansas,38.9543439,-95.2557961,John Douglas,0
Alabama State University,32.3636575,-86.2940174,Kevin Loder,0
University of Notre Dame,41.6991133,-86.2387627,Orlando Woolridge,1
Arizona State University,33.4242399,-111.9280527,Alton Lister,1
University of Utah,40.7649368,-111.8421021,Danny Vranes,1
University of South Alabama,30.6959406,-88.184236,Ed Rains,0
University of Louisville,38.2122761,-85.7585023,Peyton Siva,0
Ohio State University,40.0066723,-83.0304546,Jim Smith,0
University of Virginia,38.0335529,-78.5079772,Jeff Lamp,1
Oregon State University,44.5637806,-123.2794443,Ray Blume,0
College of the Holy Cross,42.2392391,-71.8079608,Garry Witts,0
Wake Forest University,36.1355052,-80.2791958,Charlie Davis,0
Brigham Young University,40.2518435,-111.6493156,Danny Ainge,1
University of Michigan,42.2780436,-83.7382241,Mike McGee,1
Oregon State University,44.5637806,-123.2794443,Mark Radford,0
Villanova University,40.0368926,-75.3425785,Alex Bradley,0
University of North Carolina,35.9049122,-79.0469134,Reggie Bullock,0
University of Tennessee,35.9544013,-83.9294564,Howard Wood,0
Cleveland State University,41.5027643,-81.674423,Franklin Edwards,1
Auburn University,32.5933574,-85.4951663,Bobby Cattage,0
University of Wyoming,41.3148754,-105.5665744,Charles Bradley,0
Creighton University,41.2655521,-95.9463862,Kevin McKenna,1
University of Louisville,38.2122761,-85.7585023,Darrell Griffith,1
Alcorn State University,31.8742035,-91.1372924,Larry Smith,1
University of North Carolina,35.9049122,-79.0469134,Mike O'Koren,1
Ohio State University,40.0066723,-83.0304546,Kelvin Ransey,1
Virginia Polytechnic Institute and State University,37.2283843,-80.4234167,Malcolm Delaney,0
Georgetown University,38.9076089,-77.0722585,Otto Porter,0
University of Notre Dame,41.6991133,-86.2387627,Bill Laimbeer,1
La Salle University,40.0390398,-75.1558184,Michael Brooks,1
Duke University,36.0014258,-78.9382286,Mike Gminski,1
University of Portland,45.5732046,-122.7275712,Darwin Cook,1
University of Louisiana at Lafayette,30.2114404,-92.0204121,Andrew Toney,1
University of South Carolina,33.9937575,-81.0299186,Cedrick Hordges,0
Oral Roberts University,36.0507991,-95.9536715,Calvin Garrett,0
Washington State University,46.7319225,-117.1542121,Don Collins,1
Syracuse University,43.0391534,-76.1351158,Louis Orr,1
University of Tennessee,35.9544013,-83.9294564,Reggie Johnson,0
West Virginia University,39.6480359,-79.9697147,Lowes Moore,0
Virginia Polytechnic Institute and State University,37.2283843,-80.4234167,Wayne Robinson,0
University of Texas at Austin,30.2849185,-97.7340567,Johnny Moore,1
Illinois State University,40.5120479,-88.9931683,Jeff Wilkins,1
University of Kentucky,38.0306511,-84.5039697,Kyle Macy,1
University of Notre Dame,41.6991133,-86.2387627,Bill Hanzlik,1
University of Arizona,32.2318851,-110.9501094,Solomon Hill,0
"University of Nevada, Reno",39.5453298,-119.8161541,Edgar Jones,1
Marquette University,43.038456,-87.9311302,Sam Worthen,0
University of Washington,47.6553351,-122.3035199,Lorenzo Romar,1
Hampton University,37.0228392,-76.3343603,Rick Mahorn,1
Mississippi State University,33.4551742,-88.7943766,Rickey Brown,1
Indiana University,39.1754487,-86.512627,Butch Carter,1
Indiana University,39.1754487,-86.512627,Mike Woodson,1
Georgetown University,38.9076089,-77.0722585,John Duren,0
"University of California, Los Angeles",34.068921,-118.4451811,James Wilkes,0
"University of California, Los Angeles",34.068921,-118.4451811,Shabazz Muhammad,0
Louisiana State University,30.4132579,-91.1800023,DeWayne Scales,0
Georgetown University,38.9076089,-77.0722585,Craig Shelton,0
University of Detroit Mercy,42.4140934,-83.1379434,Earl Cureton,1
University of San Francisco,37.7765643,-122.4507187,Billy Reid,0
Purdue University,40.4237054,-86.9211946,Jerry Sichting,1
St. John's University,40.6213742,-74.0908179,Reggie Carter,0
North Park University,41.975259,-87.709923,Mike Harper,0
"California State University, Fullerton",33.8823476,-117.8851033,Mike Niles,0
Wichita State University,37.7186367,-97.2941414,Toure' Murry,0
Temple University,39.9805942,-75.1557376,Dionte Christmas,0
Weber State University,41.1916133,-111.9440945,Damian Lillard,1
University of Florida,29.6436325,-82.3549302,Bradley Beal,1
Xavier University,39.1499074,-84.4740892,Semaj Christon,0
University of Kentucky,38.0306511,-84.5039697,Anthony Davis,1
Syracuse University,43.0391534,-76.1351158,Dion Waiters,1
Duke University,36.0014258,-78.9382286,Kyle Singler,1
University of North Carolina,35.9049122,-79.0469134,Tyler Zeller,1
St. John's University,40.6213742,-74.0908179,Maurice Harkless,1
University of Kentucky,38.0306511,-84.5039697,Michael Kidd-Gilchrist,1
University of North Carolina,35.9049122,-79.0469134,Harrison Barnes,1
Duke University,36.0014258,-78.9382286,Austin Rivers,1
University of Michigan,42.2780436,-83.7382241,Caris LeVert,0
University of Connecticut,41.8077414,-72.2539805,Andre Drummond,1
Ohio State University,40.0066723,-83.0304546,Jared Sullinger,0
University of Illinois at Urbana-Champaign,40.1019523,-88.2271615,Meyers Leonard,1
University of Arkansas,36.0686895,-94.1748471,Patrick Beverley,1
Marquette University,43.038456,-87.9311302,Jae Crowder,1
University of Dayton,39.7393,-84.1799675,Brian Roberts,1
University of Washington,47.6553351,-122.3035199,Terrence Ross,1
University of Colorado,40.007581,-105.2659417,Chris Copeland,0
University of Kansas,38.9543439,-95.2557961,Thomas Robinson,1
Vanderbilt University,36.1447034,-86.8026551,John Jenkins,1
University of North Carolina,35.9049122,-79.0469134,Kendall Marshall,0
Michigan State University,42.701848,-84.4821719,Draymond Green,1
University of Kentucky,38.0306511,-84.5039697,Darius Miller,0
University of North Carolina,35.9049122,-79.0469134,John Henson,1
University of Miami,25.7178924,-80.2746368,DeQuan Jones,0
University of Kentucky,38.0306511,-84.5039697,Doron Lamb,0
University of Memphis,35.1187498,-89.9374928,Will Barton,1
"University of California, Santa Barbara",34.4139629,-119.848947,Orlando Johnson,0
Mississippi State University,33.4551742,-88.7943766,Arnett Moultrie,0
Norfolk State University,36.8480161,-76.262085,Kyle O'Quinn,1
Florida State University,30.4418778,-84.2984889,Bernard James,0
University of Missouri,38.9403808,-92.3277375,Kim English,0
Kansas State University,39.1974437,-96.5847249,Rodney McGruder,0
University of Virginia,38.0335529,-78.5079772,Mike Scott,1
University of Kentucky,38.0306511,-84.5039697,Marquis Teague,0
University of Washington,47.6553351,-122.3035199,Tony Wroten,0
Villanova University,40.0368926,-75.3425785,Maalik Wayns,0
University of Connecticut,41.8077414,-72.2539805,Jeremy Lamb,1
University of Kentucky,38.0306511,-84.5039697,Brandon Knight,1
Providence College,41.8415128,-71.433591,MarShon Brooks,0
Georgia Institute of Technology,33.7756178,-84.396285,Iman Shumpert,1
University of Florida,29.6436325,-82.3549302,Chandler Parsons,1
University of Connecticut,41.8077414,-72.2539805,Kemba Walker,1
University of Washington,47.6553351,-122.3035199,Isaiah Thomas,1
Washington State University,46.7319225,-117.1542121,Klay Thompson,1
San Diego State University,32.7773786,-117.0714386,Kawhi Leonard,1
Vanderbilt University,36.1447034,-86.8026551,Wade Baldwin,0
Morehead State University,38.1886162,-83.4315122,Kenneth Faried,1
Florida State University,30.4418778,-84.2984889,Chris Singleton,0
University of Arizona,32.2318851,-110.9501094,Derrick Williams,1
Texas A&M University,30.6187383,-96.3364791,Donald Sloan,1
University of Kansas,38.9543439,-95.2557961,Markieff Morris,1
Cleveland State University,41.5027643,-81.674423,Norris Cole,1
Brigham Young University,40.2518435,-111.6493156,Jimmer Fredette,1
Hofstra University,40.7166872,-73.5993965,Charles Jenkins,0
University of California,34.068921,-118.4451811,Jaylen Brown,0
University of Oregon,44.0448302,-123.0726055,Ivan Johnson,0
University of Colorado,40.007581,-105.2659417,Alec Burks,1
Temple University,39.9805942,-75.1557376,Lavoy Allen,1
Duke University,36.0014258,-78.9382286,Lance Thomas,1
University of Maryland,38.9869183,-76.9425543,Jordan Williams,0
University of Kentucky,38.0306511,-84.5039697,Josh Harrellson,0
University of Wisconsin,43.076592,-89.4124875,Greg Stiemsma,0
,,,Jeremy Tyler,0
"University of California, Los Angeles",34.068921,-118.4451811,Malcolm Lee,0
Duke University,36.0014258,-78.9382286,Nolan Smith,0
Butler University,39.8405491,-86.1708927,Shelvin Mack,1
University of Wisconsin,43.076592,-89.4124875,Jon Leuer,1
University of Tennessee,35.9544013,-83.9294564,Tobias Harris,1
University of Colorado,40.007581,-105.2659417,Cory Higgins,0
College of Charleston,32.7882136,-79.9590881,Andrew Goudelock,0
University of Texas at Austin,30.2849185,-97.7340567,Jordan Hamilton,1
Alabama A&M University,34.7838409,-86.5722237,Mickell Gladness,0
"University of Nevada, Las Vegas",36.1074857,-115.1434507,Patrick McCaw,0
Gonzaga University,47.6670321,-117.4014343,Jeremy Pargo,0
Purdue University,40.4237054,-86.9211946,E'Twaun Moore,1
Marquette University,43.038456,-87.9311302,Jimmy Butler,1
Purdue University,40.4237054,-86.9211946,JaJuan Johnson,0
University of Oklahoma,35.2058936,-97.4457137,Blake Griffin,1
University of Kentucky,38.0306511,-84.5039697,John Wall,1
Stanford University,37.4274745,-122.169719,Landry Fields,1
University of Kentucky,38.0306511,-84.5039697,DeMarcus Cousins,1
Georgetown University,38.9076089,-77.0722585,Greg Monroe,1
Syracuse University,43.0391534,-76.1351158,Wesley Johnson,1
University of North Carolina,35.9049122,-79.0469134,Ed Davis,1
Xavier University,39.1499074,-84.4740892,Jordan Crawford,0
Ohio State University,40.0066723,-83.0304546,Evan Turner,1
University of Kentucky,38.0306511,-84.5039697,Eric Bledsoe,1
Towson University,39.3925121,-76.6126392,Gary Neal,1
"California State University, Fresno",36.8133631,-119.7460947,Paul George,1
Georgia Institute of Technology,33.7756178,-84.396285,Derrick Favors,1
Oakland University,42.6678782,-83.2082347,Kay Felder,0
Wake Forest University,36.1355052,-80.2791958,Al-Farouq Aminu,1
Baylor University,31.5488923,-97.1130573,Ekpe Udoh,1
University of Michigan,42.2780436,-83.7382241,Manny Harris,0
Butler University,39.8405491,-86.1708927,Gordon Hayward,1
University of Kentucky,38.0306511,-84.5039697,Patrick Patterson,1
Clemson University,34.673407,-82.8367119,Trevor Booker,1
Virginia Commonwealth University,37.5483122,-77.4526805,Larry Sanders,1
University of Notre Dame,41.6991133,-86.2387627,Luke Harangody,0
University of Washington,47.6553351,-122.3035199,Quincy Pondexter,1
University of Tulsa,36.1520526,-95.9460753,Ben Uzoh,0
Wake Forest University,36.1355052,-80.2791958,Ish Smith,1
Marquette University,43.038456,-87.9311302,Lazar Hayward,0
Western Kentucky University,36.9847153,-86.4559991,Jeremy Evans,1
University of Kansas,38.9543439,-95.2557961,Cole Aldrich,1
"University of Nevada, Reno",39.5453298,-119.8161541,Armon Johnson,0
University of Arizona,32.2318851,-110.9501094,Mustafa Shakur,0
University of Texas at El Paso,31.7731979,-106.5047208,Derrick Caracter,0
University of Memphis,35.1187498,-89.9374928,Tyreke Evans,1
Davidson College,35.5008018,-80.8446725,Stephen Curry,1
,,,Brandon Jennings,1
Michigan State University,42.701848,-84.4821719,Denzel Valentine,0
Syracuse University,43.0391534,-76.1351158,Jonny Flynn,0
"University of California, Los Angeles",34.068921,-118.4451811,Darren Collison,1
University of Southern California,34.0223519,-118.285117,Taj Gibson,1
Louisiana State University,30.4132579,-91.1800023,Marcus Thornton,1
Marquette University,43.038456,-87.9311302,Wesley Matthews,1
"University of California, Los Angeles",34.068921,-118.4451811,Jrue Holiday,1
Arizona State University,33.4242399,-111.9280527,James Harden,1
University of Louisville,38.2122761,-85.7585023,Terrence Williams,0
Baylor University,31.5488923,-97.1130573,Taurean Waller-Prince,0
University of Southern California,34.0223519,-118.285117,DeMar DeRozan,1
University of North Carolina,35.9049122,-79.0469134,Ty Lawson,1
University of Arizona,32.2318851,-110.9501094,Chase Budinger,1
Florida State University,30.4418778,-84.2984889,Toney Douglas,1
University of Pittsburgh,40.4443533,-79.960835,DeJuan Blair,1
University of North Carolina,35.9049122,-79.0469134,Wayne Ellington,1
University of Pittsburgh,40.4443533,-79.960835,Sam Young,0
Virginia Commonwealth University,37.5483122,-77.4526805,Eric Maynor,1
University of Connecticut,41.8077414,-72.2539805,A.J. Price,1
University of Kentucky,38.0306511,-84.5039697,Karl-Anthony Towns,0
University of Arizona,32.2318851,-110.9501094,Jordan Hill,1
Gonzaga University,47.6670321,-117.4014343,Austin Daye,1
University of Michigan,42.2780436,-83.7382241,Chris Hunter,0
University of Washington,47.6553351,-122.3035199,Jon Brockman,0
Louisiana State University,30.4132579,-91.1800023,Garrett Temple,1
University of Kentucky,38.0306511,-84.5039697,Jodie Meeks,1
Villanova University,40.0368926,-75.3425785,Dante Cunningham,1
University of Missouri,38.9403808,-92.3277375,DeMarre Carroll,1
Arizona State University,33.4242399,-111.9280527,Jeff Ayres,1
Wake Forest University,36.1355052,-80.2791958,Jeff Teague,1
Xavier University,39.1499074,-84.4740892,Derrick Brown,0
Georgetown University,38.9076089,-77.0722585,DaJuan Summers,0
University of Louisville,38.2122761,-85.7585023,Earl Clark,1
Cleveland State University,41.5027643,-81.674423,Cedric Jackson,0
University of Wisconsin,43.076592,-89.4124875,Marcus Landry,0
Duke University,36.0014258,-78.9382286,Jahlil Okafor,0
University of Tennessee at Martin,36.3426326,-88.8624636,Lester Hudson,0
University of Southern California,34.0223519,-118.285117,O.J. Mayo,1
University of Memphis,35.1187498,-89.9374928,Derrick Rose,1
Indiana University,39.1754487,-86.512627,Eric Gordon,1
"University of California, Los Angeles",34.068921,-118.4451811,Russell Westbrook,1
University of Kansas,38.9543439,-95.2557961,Mario Chalmers,1
Stanford University,37.4274745,-122.169719,Brook Lopez,1
Rider University,40.2811575,-74.7407696,Jason Thompson,1
University of Texas at Austin,30.2849185,-97.7340567,D.J. Augustin,1
Duke University,36.0014258,-78.9382286,Justise Winslow,0
"University of California, Los Angeles",34.068921,-118.4451811,Kevin Love,1
Western Kentucky University,36.9847153,-86.4559991,Courtney Lee,1
Kansas State University,39.1974437,-96.5847249,Michael Beasley,1
University of Kansas,38.9543439,-95.2557961,Brandon Rush,1
Georgia Institute of Technology,33.7756178,-84.396285,Anthony Morrow,1
Ohio State University,40.0066723,-83.0304546,Greg Oden,0
Washington State University,46.7319225,-117.1542121,Kyle Weaver,0
University of California,34.068921,-118.4451811,Ryan Anderson,1
University of Kansas,38.9543439,-95.2557961,Darrell Arthur,1
Indiana University-Purdue University Indianapolis,39.7749927,-86.1772798,George Hill,1
University of Florida,29.6436325,-82.3549302,Marreese Speights,1
"University of Nevada, Reno",39.5453298,-119.8161541,JaVale McGee,1
Iowa State University,42.0266573,-93.6464516,Mike Taylor,0
Texas A&M University,30.6187383,-96.3364791,DeAndre Jordan,1
Georgetown University,38.9076089,-77.0722585,Roy Hibbert,1
"California State University, Fullerton",33.8823476,-117.8851033,Bobby Brown,0
Ohio State University,40.0066723,-83.0304546,D'Angelo Russell,0
University of Memphis,35.1187498,-89.9374928,Chris Douglas-Roberts,1
University of Arizona,32.2318851,-110.9501094,Jerryd Bayless,1
Ohio State University,40.0066723,-83.0304546,Kosta Koufos,1
University of Notre Dame,41.6991133,-86.2387627,Rob Kurz,0
Creighton University,41.2655521,-95.9463862,Anthony Tolliver,1
University of Kentucky,38.0306511,-84.5039697,Devin Booker,0
Stanford University,37.4274745,-122.169719,Robin Lopez,1
University of Kansas,38.9543439,-95.2557961,Darnell Jackson,0
University of Virginia,38.0335529,-78.5079772,Sean Singletary,0
University of Texas at Austin,30.2849185,-97.7340567,Kevin Durant,1
Georgetown University,38.9076089,-77.0722585,Jeff Green,1
Meridian Community College,32.3676949,-88.7319036,Jamario Moon,1
Florida State University,30.4418778,-84.2984889,Al Thornton,0
Ohio State University,40.0066723,-83.0304546,Mike Conley,1
University of Arizona,32.2318851,-110.9501094,Stanley Johnson,0
Ohio State University,40.0066723,-83.0304546,Daequan Cook,1
University of Florida,29.6436325,-82.3549302,Corey Brewer,1
Georgia Institute of Technology,33.7756178,-84.396285,Thaddeus Young,1
University of Florida,29.6436325,-82.3549302,Joakim Noah,1
DePaul University,41.877575,-87.6272176,Wilson Chandler,1
Eastern Washington University,47.4910283,-117.5862361,Rodney Stuckey,1
Boston College,42.3355488,-71.1684945,Jared Dudley,1
Boston College,42.3355488,-71.1684945,Sean Williams,0
University of Texas at Austin,30.2849185,-97.7340567,Myles Turner,0
Purdue University,40.4237054,-86.9211946,Carl Landry,1
Texas A&M University,30.6187383,-96.3364791,Acie Law,0
University of Southern California,34.0223519,-118.285117,Nick Young,1
Colorado State University,40.5734148,-105.0865487,Jason Smith,1
Louisiana State University,30.4132579,-91.1800023,Glen Davis,1
Georgia Institute of Technology,33.7756178,-84.396285,Javaris Crittenton,0
University of Washington,47.6553351,-122.3035199,Spencer Hawes,1
"University of California, Los Angeles",34.068921,-118.4451811,Arron Afflalo,1
University of Oregon,44.0448302,-123.0726055,Aaron Brooks,1
University of Tennessee,35.9544013,-83.9294564,C.J. Watson,1
University of Kansas,38.9543439,-95.2557961,Julian Wright,0
University of Florida,29.6436325,-82.3549302,Chris Richard,0
"University of Nevada, Reno",39.5453298,-119.8161541,Nick Fazekas,0
University of Pittsburgh,40.4443533,-79.960835,Aaron Gray,1
"California State University, Fresno",36.8133631,-119.7460947,Dominic McGuire,1
University of North Carolina,35.9049122,-79.0469134,Brandan Wright,1
University of Alabama,33.2140233,-87.5391418,Jermareo Davidson,0
Georgia Institute of Technology,33.7756178,-84.396285,Mario West,0
Syracuse University,43.0391534,-76.1351158,Demetris Nichols,0
University of Kentucky,38.0306511,-84.5039697,Willie Cauley-Stein,0
University of Washington,47.6553351,-122.3035199,Brandon Roy,1
Gonzaga University,47.6670321,-117.4014343,Adam Morrison,0
University of Connecticut,41.8077414,-72.2539805,Rudy Gay,1
University of Kentucky,38.0306511,-84.5039697,Rajon Rondo,1
Villanova University,40.0368926,-75.3425785,Randy Foye,1
University of Texas at Austin,30.2849185,-97.7340567,LaMarcus Aldridge,1
University of South Carolina,33.9937575,-81.0299186,Tarence Kinsey,0
University of Tennessee,35.9544013,-83.9294564,Josh Richardson,0
Boston College,42.3355488,-71.1684945,Craig Smith,1
Duke University,36.0014258,-78.9382286,Shelden Williams,1
Louisiana Tech University,32.5282644,-92.6499298,Paul Millsap,1
University of Memphis,35.1187498,-89.9374928,Rodney Carney,1
University of Texas at Austin,30.2849185,-97.7340567,Daniel Gibson,1
University of South Carolina,33.9937575,-81.0299186,Renaldo Balkman,1
University of Arizona,32.2318851,-110.9501094,Rondae Hollis-Jefferson,0
"University of California, Los Angeles",34.068921,-118.4451811,Jordan Farmar,1
Villanova University,40.0368926,-75.3425785,Allan Ray,0
Temple University,39.9805942,-75.1557376,Mardy Collins,0
Duke University,36.0014258,-78.9382286,J.J. Redick,1
Louisiana State University,30.4132579,-91.1800023,Tyrus Thomas,1
Florida State University,30.4418778,-84.2984889,Alexander Johnson,0
North Carolina State University,35.7846633,-78.6820946,Cedric Simmons,0
University of Wisconsin,43.076592,-89.4124875,Frank Kaminsky,0
University of Memphis,35.1187498,-89.9374928,Shawne Williams,1
University of Arkansas,36.0686895,-94.1748471,Ronnie Brewer,1
University of North Carolina,35.9049122,-79.0469134,David Noel,0
University of South Florida,28.0587031,-82.4138539,Solomon Jones,1
University of California,34.068921,-118.4451811,Leon Powe,1
University of Connecticut,41.8077414,-72.2539805,Hilton Armstrong,1
University of Connecticut,41.8077414,-72.2539805,Josh Boone,0
Temple University,39.9805942,-75.1557376,Lynn Greer,0
University of Notre Dame,41.6991133,-86.2387627,Chris Quinn,1
Stanford University,37.4274745,-122.169719,Anthony Brown,0
Rutgers University,40.5008405,-74.4474174,Quincy Douby,0
University of Arizona,32.2318851,-110.9501094,Hassan Adams,0
DePaul University,41.877575,-87.6272176,Andre Brown,0
Marquette University,43.038456,-87.9311302,Steve Novak,1
Wake Forest University,36.1355052,-80.2791958,Chris Paul,1
University of North Carolina,35.9049122,-79.0469134,Raymond Felton,1
University of Connecticut,41.8077414,-72.2539805,Charlie Villanueva,1
University of Illinois at Urbana-Champaign,40.1019523,-88.2271615,Luther Head,1
University of Illinois at Urbana-Champaign,40.1019523,-88.2271615,Deron Williams,1
University of North Carolina,35.9049122,-79.0469134,Marvin Williams,1
University of Arizona,32.2318851,-110.9501094,Channing Frye,1
University of New Mexico,35.0843187,-106.6197812,Danny Granger,1
Providence College,41.8415128,-71.433591,Ryan Gomes,1
University of Washington,47.6553351,-122.3035199,Nate Robinson,1
University of Arizona,32.2318851,-110.9501094,Salim Stoudamire,0
Georgia Institute of Technology,33.7756178,-84.396285,Jarrett Jack,1
University of Arizona,32.2318851,-110.9501094,T.J. McConnell,0
Oklahoma State University,36.1270236,-97.0737222,Joey Graham,1
,,,Monta Ellis,1
,,,Martell Webster,1
University of North Carolina,35.9049122,-79.0469134,Rashad McCants,0
Michigan State University,42.701848,-84.4821719,Alan Anderson,1
University of Louisiana at Lafayette,30.2114404,-92.0204121,Orien Greene,0
Arizona State University,33.4242399,-111.9280527,Ike Diogu,1
Duke University,36.0014258,-78.9382286,Daniel Ewing,0
University of Kentucky,38.0306511,-84.5039697,Gerald Fitch,0
Murray State University,36.6163842,-88.3214979,James Singleton,1
North Carolina State University,35.7846633,-78.6820946,Josh Powell,1
Syracuse University,43.0391534,-76.1351158,Hakim Warrick,1
University of Kansas,38.9543439,-95.2557961,Wayne Simien,0
Texas A&M University,30.6187383,-96.3364791,Antoine Wright,1
University of Alabama at Birmingham,33.5019893,-86.8064433,Donell Taylor,0
,,,C.J. Miles,1
University of Virginia,38.0335529,-78.5079772,Malcolm Brogdon,0
University of Minnesota,44.97399,-93.2277285,Kevin Burleson,0
Duke University,36.0014258,-78.9382286,Shavlik Randolph,1
,,,Andrew Bynum,1
Mississippi State University,33.4551742,-88.7943766,Lawrence Roberts,0
University of Connecticut,41.8077414,-72.2539805,Emeka Okafor,1
University of Arizona,32.2318851,-110.9501094,Andre Iguodala,1
,,,Dwight Howard,1
Stanford University,37.4274745,-122.169719,Josh Childress,1
,,,Josh Smith,1
Duke University,36.0014258,-78.9382286,Chris Duhon,1
,,,J.R. Smith,1
Southern Methodist University,32.8412178,-96.7845175,Quinton Ross,1
Saint Joseph's University,39.9951217,-75.2399328,Jameer Nelson,1
University of Arkansas,36.0686895,-94.1748471,Bobby Portis,0
,,,Sebastian Telfair,1
Vanderbilt University,36.1447034,-86.8026551,Matt Freije,0
University of Florida,29.6436325,-82.3549302,Matt Bonner,1
University of Colorado,40.007581,-105.2659417,David Harrison,0
"University of California, Los Angeles",34.068921,-118.4451811,Trevor Ariza,1
University of Kansas,38.9543439,-95.2557961,Nick Collison,1
Oklahoma State University,36.1270236,-97.0737222,Tony Allen,1
University of Wisconsin,43.076592,-89.4124875,Devin Harris,1
Iowa State University,42.0266573,-93.6464516,Jackson Vroman,0
,,,Al Jefferson,1
University of Kansas,38.9543439,-95.2557961,Billy Thomas,0
"University of Nevada, Reno",39.5453298,-119.8161541,Kirk Snyder,0
University of Texas at Austin,30.2849185,-97.7340567,Royal Ivey,1
University of Minnesota,44.97399,-93.2277285,Kris Humphries,1
Saint Joseph's University,39.9951217,-75.2399328,Delonte West,1
Seton Hall University,40.7430841,-74.246082,Andre Barrett,0
Xavier University,39.1499074,-84.4740892,Lionel Chalmers,0
University of Notre Dame,41.6991133,-86.2387627,Jerian Grant,0
Southeastern Illinois College,37.7515069,-88.4364622,Donta Smith,0
University of Texas at Austin,30.2849185,-97.7340567,James Thomas,0
Western Carolina University,35.3090108,-83.1863612,Kevin Martin,1
,,,LeBron James,1
Syracuse University,43.0391534,-76.1351158,Carmelo Anthony,1
University of Kansas,38.9543439,-95.2557961,Kirk Hinrich,1
Marquette University,43.038456,-87.9311302,Dwyane Wade,1
Georgia Institute of Technology,33.7756178,-84.396285,Chris Bosh,1
University of Georgia,33.9480053,-83.3773221,Jarvis Hayes,1
University of Texas at Austin,30.2849185,-97.7340567,T.J. Ford,1
University of Kentucky,38.0306511,-84.5039697,Keith Bogans,1
University of Florida,29.6436325,-82.3549302,Udonis Haslem,1
Wake Forest University,36.1355052,-80.2791958,Josh Howard,1
Central Michigan University,43.5911786,-84.7753308,Chris Kaman,1
Duke University,36.0014258,-78.9382286,Tyus Jones,0
"University of California, Los Angeles",34.068921,-118.4451811,Matt Barnes,1
Louisiana State University,30.4132579,-91.1800023,Ronald Dupree,1
University of Maryland,38.9869183,-76.9425543,Steve Blake,1
Auburn University,32.5933574,-85.4951663,Marquis Daniels,1
Tulane University,29.9407282,-90.1203167,Linton Johnson,1
"University of Nevada, Las Vegas",36.1074857,-115.1434507,Marcus Banks,1
University of Oregon,44.0448302,-123.0726055,Luke Ridnour,1
University of Detroit Mercy,42.4140934,-83.1379434,Willie Green,1
Syracuse University,43.0391534,-76.1351158,Chris McCullough,0
University of Alabama,33.2140233,-87.5391418,Mo Williams,1
Xavier University,39.1499074,-84.4740892,David West,1
University of Illinois at Urbana-Champaign,40.1019523,-88.2271615,Brian Cook,1
Brigham Young University,40.2518435,-111.6493156,Travis Hansen,0
Creighton University,41.2655521,-95.9463862,Kyle Korver,1
"University of California, Los Angeles",34.068921,-118.4451811,Norman Powell,0
Ohio University,39.324358,-82.1013889,Brandon Hunter,0
"University of California, Los Angeles",34.068921,-118.4451811,Jason Kapono,1
University of Arizona,32.2318851,-110.9501094,Luke Walton,1
University of Louisville,38.2122761,-85.7585023,Reece Gaines,0
Gonzaga University,47.6670321,-117.4014343,Richie Frahm,0
University of Notre Dame,41.6991133,-86.2387627,Matt Carroll,1
University of Connecticut,41.8077414,-72.2539805,Caron Butler,1
University of Houston,29.7199489,-95.3422334,Jonathon Simmons,0
,,,Amar'e Stoudemire,1
University of Memphis,35.1187498,-89.9374928,Dajuan Wagner,0
University of Kansas,38.9543439,-95.2557961,Drew Gooden,1
Duke University,36.0014258,-78.9382286,Jay Williams,0
Wingate University,34.9857568,-80.4439634,Junior Harrington,0
St. Bonaventure University,42.0794875,-78.4842703,J.R. Bremer,0
University of Florida,29.6436325,-82.3549302,Dorian Finney-Smith,0
"University of Nevada, Las Vegas",36.1074857,-115.1434507,Rashad Vaughn,0
University of Tennessee,35.9544013,-83.9294564,Vincent Yarbrough,0
La Salle University,40.0390398,-75.1558184,Rasual Butler,1
University of Iowa,41.6627078,-91.5549771,Reggie Evans,1
Fordham University,40.8620404,-73.8856987,Smush Parker,1
Arizona State University,33.4242399,-111.9280527,Mike Batiste,0
Louisiana State University,30.4132579,-91.1800023,Jarell Martin,0
Stanford University,37.4274745,-122.169719,Casey Jacobsen,0
University of Maryland,38.9869183,-76.9425543,Juan Dixon,1
"California State University, Fresno",36.8133631,-119.7460947,Melvin Ely,1
Rice University,29.7173941,-95.4018312,Mike Wilks,1
University of California,34.068921,-118.4451811,Sean Lampley,0
"California State University, Fresno",36.8133631,-119.7460947,Chris Jefferies,0
University of Maryland,38.9869183,-76.9425543,Lonny Baxter,0
"California State University, Long Beach",33.7838235,-118.1140904,Juaquin Hawkins,0
Bowling Green State University,41.3797788,-83.6300826,Richaun Holmes,0
University of Missouri,38.9403808,-92.3277375,Kareem Rush,1
University of Tennessee,35.9544013,-83.9294564,Marcus Haislip,0
University of Maryland,38.9869183,-76.9425543,Chris Wilcox,1
Gonzaga University,47.6670321,-117.4014343,Dan Dickau,1
University of Kentucky,38.0306511,-84.5039697,Tayshaun Prince,1
University of Notre Dame,41.6991133,-86.2387627,Ryan Humphrey,0
University of Miami,25.7178924,-80.2746368,John Salmons,1
Marshall University,38.4236242,-82.4247401,Tamar Slay,0
Northeast Mississippi Community College,34.6672684,-88.562206,Qyntel Woods,0
Murray State University,36.6163842,-88.3214979,Cameron Payne,0
Auburn University,32.5933574,-85.4951663,Adam Harrington,0
Duke University,36.0014258,-78.9382286,Shane Battier,1
Michigan State University,42.701848,-84.4821719,Jason Richardson,1
Iowa State University,42.0266573,-93.6464516,Jamaal Tinsley,1
Texas A&M University,30.6187383,-96.3364791,Sonny Parker,1
Austin Peay State University,36.53498,-87.3548855,Trenton Hassell,1
University of Virginia,38.0335529,-78.5079772,Justin Anderson,0
Seton Hall University,40.7430841,-74.246082,Eddie Griffin,1
University of Arkansas,36.0686895,-94.1748471,Joe Johnson,1
University of Arizona,32.2318851,-110.9501094,Gilbert Arenas,1
University of Arizona,32.2318851,-110.9501094,Richard Jefferson,1
Hofstra University,40.7166872,-73.5993965,Speedy Claxton,1
Stanford University,37.4274745,-122.169719,Jarron Collins,1
University of North Carolina,35.9049122,-79.0469134,Brendan Haywood,1
,,,Tyson Chandler,1
Stanford University,37.4274745,-122.169719,Jason Collins,1
University of Notre Dame,41.6991133,-86.2387627,Troy Murphy,1
University of Maryland,38.9869183,-76.9425543,Terence Morris,0
,,,Eddy Curry,1
University of Cincinnati,39.1329219,-84.5149504,Kenny Satterfield,0
"University of California, Los Angeles",34.068921,-118.4451811,Earl Watson,1
,,,Kwame Brown,1
Clemson University,34.673407,-82.8367119,Will Solomon,0
University of Pittsburgh,40.4443533,-79.960835,Lamar Patterson,0
Syracuse University,43.0391534,-76.1351158,Etan Thomas,1
McNeese State University,30.1788135,-93.2168568,Tierre Brown,0
DePaul University,41.877575,-87.6272176,Steven Hunter,1
University of Arizona,32.2318851,-110.9501094,Loren Woods,1
University of Houston,29.7199489,-95.3422334,Alton Ford,0
University of Alabama,33.2140233,-87.5391418,Gerald Wallace,1
Pennsylvania State University,40.7982133,-77.8599084,Joe Crispin,0
Michigan State University,42.701848,-84.4821719,Zach Randolph,1
Pepperdine University,34.0414045,-118.7095814,Brandon Armstrong,0
Saint Louis University,38.6348237,-90.2336408,Willie Reed,0
University of Cincinnati,39.1329219,-84.5149504,Kenyon Martin,1
Temple University,39.9805942,-75.1557376,Marc Jackson,1
University of Florida,29.6436325,-82.3549302,Mike Miller,1
,,,Darius Miles,1
Michigan State University,42.701848,-84.4821719,Morris Peterson,1
Auburn University,32.5933574,-85.4951663,Chris Porter,0
Iowa State University,42.0266573,-93.6464516,Marcus Fizer,1
Butler County Community College,40.8295628,-79.9126668,Stephen Jackson,1
"California State University, Fresno",36.8133631,-119.7460947,Courtney Alexander,0
University of Texas at Austin,30.2849185,-97.7340567,Chris Mihm,1
University of Kansas,38.9543439,-95.2557961,Kelly Oubre,0
Oklahoma State University,36.1270236,-97.0737222,Desmond Mason,1
University of Connecticut,41.8077414,-72.2539805,Khalid El-Amin,0
DePaul University,41.877575,-87.6272176,Quentin Richardson,1
University of Pittsburgh,40.4443533,-79.960835,Mark Blount,1
University of Michigan,42.2780436,-83.7382241,Jamal Crawford,1
University of Cincinnati,39.1329219,-84.5149504,DerMarr Johnson,1
Louisiana State University,30.4132579,-91.1800023,Stromile Swift,1
University of Missouri,38.9403808,-92.3277375,Keyon Dooling,1
Michigan State University,42.701848,-84.4821719,Mateen Cleaves,1
Master's College,34.38247,-118.519341,Mike Penberthy,0
Texas Christian University,32.7078531,-97.3628041,Lee Nailon,1
Arizona State University,33.4242399,-111.9280527,Eddie House,1
DePaul University,41.877575,-87.6272176,Paul McPherson,0
Saint Vincent College,40.2941827,-79.4000573,Daniel Santiago,0
Seton Hall University,40.7430841,-74.246082,Isaiah Whitehead,0
Villanova University,40.0368926,-75.3425785,Darrun Hilliard,0
Stanford University,37.4274745,-122.169719,Mark Madsen,1
,,,DeShawn Stevenson,1
Duke University,36.0014258,-78.9382286,Elton Brand,1
University of Rhode Island,41.4860647,-71.5308537,Lamar Odom,1
University of Maryland,38.9869183,-76.9425543,Steve Francis,1
Seton Hall University,40.7430841,-74.246082,Adrian Griffin,1
University of Utah,40.7649368,-111.8421021,Andre Miller,1
Xavier University,39.1499074,-84.4740892,James Posey,1
University of New Mexico,35.0843187,-106.6197812,Kenny Thomas,1
"University of Nevada, Las Vegas",36.1074857,-115.1434507,Shawn Marion,1
University of Pittsburgh,40.4443533,-79.960835,Vonteego Cummings,0
University of Hawaii,21.2965718,-157.8226774,Anthony Carter,1
University of Arizona,32.2318851,-110.9501094,Jason Terry,1
University of South Florida,28.0587031,-82.4138539,Chucky Atkins,1
University of Connecticut,41.8077414,-72.2539805,Richard Hamilton,1
Clemson University,34.673407,-82.8367119,Greg Buckner,1
Saint Joseph's University,39.9951217,-75.2399328,Langston Galloway,0
"University of California, Los Angeles",34.068921,-118.4451811,Baron Davis,1
Duke University,36.0014258,-78.9382286,Corey Maggette,1
University of Central Oklahoma,35.657506,-97.4709491,Eddie Robinson,1
University of Tulsa,36.1520526,-95.9460753,Michael Ruffin,1
"California State University, Fresno",36.8133631,-119.7460947,Chris Herren,0
University of Minnesota,44.97399,-93.2277285,Quincy Lewis,0
University of Iowa,41.6627078,-91.5549771,Ryan Bowen,1
Old Dominion University,36.8853052,-76.3058746,Cal Bowdler,0
University of Kentucky,38.0306511,-84.5039697,Scott Padgett,1
University of Kentucky,38.0306511,-84.5039697,Nerlens Noel,0
University of Alabama,33.2140233,-87.5391418,Roy Rogers,0
Duke University,36.0014258,-78.9382286,William Avery,0
Colorado State University,40.5734148,-105.0865487,Milt Palacio,1
Augsburg College,44.9659238,-93.240684,Devean George,1
University of Massachusetts Amherst,42.3867598,-72.5300515,Lari Ketner,0
University of Florida,29.6436325,-82.3549302,Jason Williams,1
University of North Carolina,35.9049122,-79.0469134,Vince Carter,1
University of Arizona,32.2318851,-110.9501094,Mike Bibby,1
University of Kansas,38.9543439,-95.2557961,Paul Pierce,1
University of Louisiana at Lafayette,30.2114404,-92.0204121,Elfrid Payton,0
University of Arizona,32.2318851,-110.9501094,Michael Dickerson,1
University of Rhode Island,41.4860647,-71.5308537,Cuttino Mobley,1
"University of Nevada, Las Vegas",36.1074857,-115.1434507,Tyrone Nesby,0
University of North Carolina,35.9049122,-79.0469134,Antawn Jamison,1
Georgia Institute of Technology,33.7756178,-84.396285,Matt Harpring,1
Duke University,36.0014258,-78.9382286,Jabari Parker,0
Saint Louis University,38.6348237,-90.2336408,Larry Hughes,1
University of Michigan,42.2780436,-83.7382241,Robert Traylor,1
University of Utah,40.7649368,-111.8421021,Michael Doleac,1
Texas Tech University,33.5842591,-101.8782822,Cory Carr,0
"University of Nevada, Las Vegas",36.1074857,-115.1434507,Keon Clark,1
University of Houston,29.7199489,-95.3422334,Damon Jones,1
University of Notre Dame,41.6991133,-86.2387627,Pat Garrity,1
Oklahoma State University,36.1270236,-97.0737222,Marcus Smart,0
Valparaiso University,41.4639394,-87.0438893,Bryce Drew,1
"University of California, Los Angeles",34.068921,-118.4451811,Jelani McCoy,1
Purdue University,40.4237054,-86.9211946,Brad Miller,1
University of Iowa,41.6627078,-91.5549771,Ricky Davis,1
"University of California, Los Angeles",34.068921,-118.4451811,J.R. Henderson,0
Oregon State University,44.5637806,-123.2794443,Corey Benjamin,0
Duke University,36.0014258,-78.9382286,Roshown McLeod,0
Eastern Michigan University,42.2506803,-83.624089,Earl Boykins,1
"University of California, Los Angeles",34.068921,-118.4451811,Toby Bailey,0
Santa Clara University,37.3496418,-121.9389875,Marlon Garnett,0
University of Missouri,38.9403808,-92.3277375,Jordan Clarkson,0
Indiana University,39.1754487,-86.512627,Andrae Patterson,0
Pepperdine University,34.0414045,-118.7095814,Gerald Brown,0
University of Cincinnati,39.1329219,-84.5149504,Ruben Patterson,1
University of Kentucky,38.0306511,-84.5039697,Nazr Mohammed,1
University of Kentucky,38.0306511,-84.5039697,Ron Mercer,1
Stanford University,37.4274745,-122.169719,Brevin Knight,1
University of Minnesota,44.97399,-93.2277285,Bobby Jackson,1
"University of California, Los Angeles",34.068921,-118.4451811,Zach LaVine,0
College of Charleston,32.7882136,-79.9590881,Anthony Johnson,1
University of Kentucky,38.0306511,-84.5039697,Derek Anderson,1
University of Colorado,40.007581,-105.2659417,Chauncey Billups,1
Bowling Green State University,41.3797788,-83.6300826,Antonio Daniels,1
University of Alabama,33.2140233,-87.5391418,Eric Washington,0
Texas Tech University,33.5842591,-101.8782822,Tony Battie,1
Villanova University,40.0368926,-75.3425785,Tim Thomas,1
University of Cincinnati,39.1329219,-84.5149504,Danny Fortson,1
University of Michigan,42.2780436,-83.7382241,Maurice Taylor,1
Ohio State University,40.0066723,-83.0304546,Lawrence Funderburke,1
Villanova University,40.0368926,-75.3425785,Alvin Williams,1
University of Southern California,34.0223519,-118.285117,Rodrick Rhodes,0
,,,Tracy McGrady,1
Temple University,39.9805942,-75.1557376,Rick Brunson,1
Tulane University,29.9407282,-90.1203167,Jerald Honeycutt,0
Iowa State University,42.0266573,-93.6464516,Kelvin Cato,1
Gonzaga University,47.6670321,-117.4014343,Domantas Sabonis,0
Michigan State University,42.701848,-84.4821719,Adreian Payne,0
Central Connecticut State University,41.6931245,-72.7638508,Keith Closs,0
University of Connecticut,41.8077414,-72.2539805,Kevin Ollie,1
Austin Peay State University,36.53498,-87.3548855,Bubba Wells,0
University of Minnesota,44.97399,-93.2277285,John Thomas,1
South Carolina State University,33.4984666,-80.8498116,Travis Williams,0
University of Kansas,38.9543439,-95.2557961,Jacque Vaughn,1
University of Memphis,35.1187498,-89.9374928,Chris Garner,0
Marquette University,43.038456,-87.9311302,Chris Crawford,1
Bradley University,40.6977743,-89.6153484,Anthony Parker,1
Villanova University,40.0368926,-75.3425785,Kerry Kittles,1
University of Kentucky,38.0306511,-84.5039697,Antoine Walker,1
University of California,34.068921,-118.4451811,Shareef Abdur-Rahim,1
Georgia Institute of Technology,33.7756178,-84.396285,Stephon Marbury,1
University of Connecticut,41.8077414,-72.2539805,Ray Allen,1
University of Massachusetts Amherst,42.3867598,-72.5300515,Marcus Camby,1
University of Pennsylvania,39.9522188,-75.1932137,Matt Maloney,1
University of Memphis,35.1187498,-89.9374928,Lorenzen Wright,1
Clemson University,34.673407,-82.8367119,K.J. McDaniels,0
Indiana University,39.1754487,-86.512627,Dean Garrett,1
Western Kentucky University,36.9847153,-86.4559991,Chris Robinson,0
University of Georgia,33.9480053,-83.3773221,Shandon Anderson,1
University of Connecticut,41.8077414,-72.2539805,Travis Knight,1
,,,Kobe Bryant,1
Louisiana State University,30.4132579,-91.1800023,Randy Livingston,1
Georgetown University,38.9076089,-77.0722585,Othella Harrington,1
Mississippi State University,33.4551742,-88.7943766,Erick Dampier,1
Duke University,36.0014258,-78.9382286,Rodney Hood,0
University of Kentucky,38.0306511,-84.5039697,Tony Delk,1
University of Louisville,38.2122761,-85.7585023,Samaki Walker,1
North Carolina State University,35.7846633,-78.6820946,Todd Fuller,1
Syracuse University,43.0391534,-76.1351158,John Wallace,1
University of Arkansas at Little Rock,34.7252717,-92.3378705,Derek Fisher,1
University of Arizona,32.2318851,-110.9501094,Ray Owes,0
,,,Jermaine O'Neal,1
Drexel University,39.9566127,-75.1899441,Malik Rose,1
Augustana College (SD),43.5224294,-96.7393636,Brett Szabo,0
Syracuse University,43.0391534,-76.1351158,Jerami Grant,0
Texas Tech University,33.5842591,-101.8782822,Darvin Ham,1
University of Tennessee,35.9544013,-83.9294564,Steve Hamer,0
University of Kentucky,38.0306511,-84.5039697,Walter McCarty,1
Central State University,39.7151376,-83.8773467,Priest Lauderdale,0
University of Arizona,32.2318851,-110.9501094,Damon Stoudamire,1
University of Wisconsin,43.076592,-89.4124875,Michael Finley,1
University of North Carolina,35.9049122,-79.0469134,Jerry Stackhouse,1
University of Maryland,38.9869183,-76.9425543,Joe Smith,1
Oklahoma State University,36.1270236,-97.0737222,Bryant Reeves,1
"University of California, Los Angeles",34.068921,-118.4451811,Tyus Edney,0
University of Alabama,33.2140233,-87.5391418,Antonio McDyess,1
,,,Kevin Garnett,1
University of North Carolina,35.9049122,-79.0469134,Rasheed Wallace,1
Oregon State University,44.5637806,-123.2794443,Brent Barry,1
Providence College,41.8415128,-71.433591,Eric Williams,1
Texas Christian University,32.7078531,-97.3628041,Kurt Thomas,1
Southern Illinois University,37.7079717,-89.2229983,Ashraf Amaya,0
Indiana University,39.1754487,-86.512627,Alan Henderson,1
Ohio University,39.324358,-82.1013889,Gary Trent,1
Iowa State University,42.0266573,-93.6464516,Loren Meyer,0
University of Wyoming,41.3148754,-105.5665744,Theo Ratliff,1
University of Houston,29.7199489,-95.3422334,Anthony Goldwire,1
Florida State University,30.4418778,-84.2984889,Bob Sura,1
Georgetown University,38.9076089,-77.0722585,Don Reid,1
University of Michigan,42.2780436,-83.7382241,Jimmy King,0
Michigan State University,42.701848,-84.4821719,Shawn Respert,0
University of Connecticut,41.8077414,-72.2539805,Shabazz Napier,0
Duke University,36.0014258,-78.9382286,Cherokee Parks,1
Syracuse University,43.0391534,-76.1351158,Lawrence Moten,0
University of Kansas,38.9543439,-95.2557961,Greg Ostertag,1
University of Arkansas,36.0686895,-94.1748471,Corliss Williamson,1
University of Texas at Austin,30.2849185,-97.7340567,Terrence Rencher,0
Southern Illinois University,37.7079717,-89.2229983,Chris Carr,1
Georgia Institute of Technology,33.7756178,-84.396285,Travis Best,1
University of Alabama,33.2140233,-87.5391418,Jason Caffey,1
University of Alabama at Birmingham,33.5019893,-86.8064433,Elijah Millsap,0
Michigan State University,42.701848,-84.4821719,Eric Snow,1
University of Pennsylvania,39.9522188,-75.1932137,Jerome Allen,0
University of Virginia,38.0335529,-78.5079772,Junior Burrough,0
University of Massachusetts Amherst,42.3867598,-72.5300515,Lou Roe,0
Providence College,41.8415128,-71.433591,Marques Bragg,0
Delta State University,33.7453784,-90.7354508,Todd Mundt,0
Duke University,36.0014258,-78.9382286,Grant Hill,1
University of Michigan,42.2780436,-83.7382241,Juwan Howard,1
University of Kansas,38.9543439,-95.2557961,Tarik Black,0
University of California,34.068921,-118.4451811,Jason Kidd,1
University of California,34.068921,-118.4451811,Lamond Murray,1
Temple University,39.9805942,-75.1557376,Eddie Jones,1
University of North Carolina,35.9049122,-79.0469134,Eric Montross,1
University of Connecticut,41.8077414,-72.2539805,Donyell Marshall,1
Xavier University,39.1499074,-84.4740892,Brian Grant,1
Clemson University,34.673407,-82.8367119,Sharone Wright,0
Auburn University,32.5933574,-85.4951663,Wesley Person,1
University of Louisville,38.2122761,-85.7585023,Clifford Rozier,0
University of Michigan,42.2780436,-83.7382241,Jalen Rose,1
"California State University, Fresno",36.8133631,-119.7460947,Tyler Johnson,0
University of Arizona,32.2318851,-110.9501094,Khalid Reeves,1
Boise State University,43.6026952,-116.2014604,Chris Childs,1
Temple University,39.9805942,-75.1557376,Aaron McKie,1
Jackson State University,32.2968851,-90.2064252,Ryan Lorthridge,0
Duquesne University,40.4367779,-79.9892761,Derrick Alston,0
Wake Forest University,36.1355052,-80.2791958,Anthony Tucker,0
University of Louisville,38.2122761,-85.7585023,Greg Minor,1
University of Nebraska,40.8201966,-96.7004763,Eric Piatkowski,1
University of Texas at Austin,30.2849185,-97.7340567,B.J. Tyler,0
University of Pittsburgh,40.4443533,-79.960835,Eric Mobley,0
University of Notre Dame,41.6991133,-86.2387627,Monty Williams,1
Michigan State University,42.701848,-84.4821719,Anthony Miller,1
Boston College,42.3355488,-71.1684945,Howard Eisley,1
Boston College,42.3355488,-71.1684945,Bill Curley,1
University of South Carolina,33.9937575,-81.0299186,Jamie Watson,0
University of Missouri-Kansas City,39.0333662,-94.5777618,Tony Dumas,0
Providence College,41.8415128,-71.433591,Dickey Simpkins,1
Marquette University,43.038456,-87.9311302,Jim McIlvaine,1
University of Louisville,38.2122761,-85.7585023,Dwayne Morton,0
University of Kansas,38.9543439,-95.2557961,Darrin Hancock,0
University of Wyoming,41.3148754,-105.5665744,Tim Breaux,0
University of Hawaii,21.2965718,-157.8226774,Trevor Ruffin,0
Oklahoma State University,36.1270236,-97.0737222,Brooks Thompson,0
University of Memphis,35.1187498,-89.9374928,Anfernee Hardaway,1
University of Kentucky,38.0306511,-84.5039697,Jamal Mashburn,1
University of Michigan,42.2780436,-83.7382241,Chris Webber,1
University of Arizona,32.2318851,-110.9501094,Aaron Gordon,0
University of Hartford,41.7984942,-72.7138039,Vin Baker,1
"University of Nevada, Las Vegas",36.1074857,-115.1434507,Isaiah Rider,1
Jackson State University,32.2968851,-90.2064252,Lindsey Hunter,1
University of Arizona,32.2318851,-110.9501094,Chris Mills,1
University of North Carolina,35.9049122,-79.0469134,George Lynch,1
Louisiana Tech University,32.5282644,-92.6499298,P.J. Brown,1
Indiana University,39.1754487,-86.512627,Calbert Cheaney,1
University of Houston,29.7199489,-95.3422334,Bo Outlaw,1
Murray State University,36.6163842,-88.3214979,Popeye Jones,1
University of Texas at El Paso,31.7731979,-106.5047208,Antonio Davis,1
University of Tennessee,35.9544013,-83.9294564,Allan Houston,1
Morehouse College,33.7473412,-84.415528,Harold Ellis,0
Wake Forest University,36.1355052,-80.2791958,Rodney Rogers,1
"University of California, Los Angeles",34.068921,-118.4451811,Mitchell Butler,1
Florida State University,30.4418778,-84.2984889,Sam Cassell,1
"California State University, Long Beach",33.7838235,-118.1140904,Bryon Russell,1
University of Pittsburgh,40.4443533,-79.960835,Darren Morningstar,0
Oklahoma State University,36.1270236,-97.0737222,Markel Brown,0
University of Iowa,41.6627078,-91.5549771,Acie Earl,0
"California State University, Long Beach",33.7838235,-118.1140904,Lucious Harris,1
University of Connecticut,41.8077414,-72.2539805,Scott Burrell,1
Middle Tennessee State University,35.8486105,-86.3648813,Warren Kidd,0
Indiana University,39.1754487,-86.512627,Greg Graham,1
Michigan State University,42.701848,-84.4821719,Mike Peplowski,0
Seton Hall University,40.7430841,-74.246082,Terry Dehere,1
University of Alabama,33.2140233,-87.5391418,James Robinson,1
University of Cincinnati,39.1329219,-84.5149504,Corie Blount,1
Wichita State University,37.7186367,-97.2941414,Cleanthony Early,0
Baylor University,31.5488923,-97.1130573,David Wesley,1
Clemson University,34.673407,-82.8367119,Chris Whitney,1
University of Kansas,38.9543439,-95.2557961,Rex Walters,1
Western Kentucky University,36.9847153,-86.4559991,Darnell Mee,0
University of Utah,40.7649368,-111.8421021,Josh Grant,0
University of New Orleans,30.0302281,-90.0631789,Ervin Johnson,1
Duke University,36.0014258,-78.9382286,Brian Davis,0
University of Michigan,42.2780436,-83.7382241,Eric Riley,1
University of Alabama,33.2140233,-87.5391418,Latrell Sprewell,1
Duke University,36.0014258,-78.9382286,Christian Laettner,1
North Carolina State University,35.7846633,-78.6820946,Tom Gugliotta,1
University of Notre Dame,41.6991133,-86.2387627,LaPhonso Ellis,1
University of Southern Mississippi,31.3298668,-89.3334535,Clarence Weatherspoon,1
University of Alabama,33.2140233,-87.5391418,Robert Horry,1
University of Arizona,32.2318851,-110.9501094,Sean Rooks,1
University of Maryland,38.9869183,-76.9425543,Walt Williams,1
Seton Hall University,40.7430841,-74.246082,Anthony Avent,1
Oklahoma State University,36.1270236,-97.0737222,Richard Dumas,0
University of Arkansas,36.0686895,-94.1748471,Todd Day,1
University of Virginia,38.0335529,-78.5079772,Bryant Stith,1
La Salle University,40.0390398,-75.1558184,Doug Overton,1
University of Missouri,38.9403808,-92.3277375,Anthony Peeler,1
University of Minnesota,44.97399,-93.2277285,Walter Bond,0
Northern Arizona University,35.1804402,-111.6539683,Andre Spencer,0
Mount San Antonio College,34.0487487,-117.8421321,Lloyd Daniels,1
University of Arkansas,36.0686895,-94.1748471,Oliver Miller,1
University of Southern California,34.0223519,-118.285117,Harold Miner,0
North Carolina State University,35.7846633,-78.6820946,T.J. Warren,0
Stanford University,37.4274745,-122.169719,Adam Keefe,1
University of Arkansas,36.0686895,-94.1748471,Lee Mayberry,1
University of North Carolina,35.9049122,-79.0469134,Hubert Davis,1
Oklahoma State University,36.1270236,-97.0737222,Byron Houston,0
University of Oklahoma,35.2058936,-97.4457137,Brent Price,1
University of Texas at El Paso,31.7731979,-106.5047208,Marlon Maxey,0
University of Georgia,33.9480053,-83.3773221,Litterial Green,1
Georgia Institute of Technology,33.7756178,-84.396285,Jon Barry,1
,,,,
,,,,
,,,,
,,,,
,,,,
,,,,
,,,,
,,,,
,,,,
,,,,
,,,,
,,,,
,,,,
,,,,
,,,,
,,,,
,,,,
,,,,
,,,,
,,,,
,,,,
,,,,
,,,,
,,,,
,,,,
,,,,
,,,,
,,,,
,,,,
,,,,
,,,,
,,,,
,,,,
,,,,
,,,,
,,,,
,,,,
,,,,
,,,,
,,,,
,,,,
,,,,
,,,,
,,,,
,,,,
,,,,
,,,,
,,,,
,,,,
,,,,
,,,,
,,,,
,,,,
,,,,
,,,,
,,,,
,,,,
,,,,
,,,,
,,,,
,,,,
,,,,
,,,,
,,,,
,,,,
,,,,
,,,,
,,,,
,,,,
,,,,
,,,,
,,,,
,,,,
,,,,
,,,,
,,,,
,,,,
,,,,
,,,,
,,,,
,,,,
,,,,
,,,,
,,,,
,,,,
,,,,
,,,,
,,,,
,,,,
,,,,
,,,,
,,,,
,,,,
,,,,
,,,,
,,,,
,,,,
,,,,
,,,,
,,,,
,,,,
,,,,
,,,,
,,,,
,,,,
,,,,
,,,,
,,,,
,,,,
,,,,
,,,,
,,,,
,,,,
,,,,
,,,,
,,,,
,,,,
,,,,
,,,,
,,,,
,,,,
,,,,
,,,,
,,,,
,,,,
,,,,
,,,,
,,,,
,,,,
,,,,
,,,,
,,,,
,,,,
,,,,
,,,,
,,,,
,,,,
,,,,
,,,,
,,,,
,,,,
,,,,
,,,,
,,,,
,,,,
,,,,
,,,,
,,,,
,,,,
,,,,
,,,,
,,,,
,,,,
,,,,
,,,,
,,,,
,,,,
,,,,
,,,,
,,,,
,,,,
,,,,
,,,,
,,,,
,,,,
,,,,
,,,,
,,,,
,,,,
,,,,
,,,,
,,,,
,,,,
,,,,
,,,,
,,,,
,,,,
,,,,
,,,,
,,,,
,,,,
,,,,
,,,,
,,,,
,,,,
,,,,
,,,,
,,,,
,,,,
,,,,
,,,,
,,,,
,,,,
,,,,
,,,,
,,,,
,,,,
,,,,
,,,,
,,,,
,,,,
,,,,
,,,,
,,,,
,,,,
,,,,
,,,,
,,,,
,,,,
,,,,
,,,,
,,,,
,,,,
,,,,
,,,,
,,,,
,,,,
,,,,
,,,,
,,,,
,,,,
,,,,
,,,,
,,,,
,,,,
,,,,
,,,,
,,,,
,,,,
,,,,
,,,,
,,,,
,,,,
,,,,
,,,,
,,,,
,,,,
,,,,
,,,,
,,,,
,,,,
,,,,
,,,,
,,,,
,,,,
,,,,
,,,,
,,,,
,,,,
,,,,
,,,,
,,,,
,,,,
,,,,
,,,,
,,,,
,,,,
,,,,
,,,,
,,,,
,,,,
,,,,
,,,,
,,,,
,,,,
,,,,
,,,,
,,,,
,,,,
,,,,
,,,,
,,,,
,,,,
,,,,
,,,,
,,,,
,,,,
,,,,
,,,,
,,,,
,,,,
,,,,
,,,,
,,,,
,,,,
,,,,
,,,,
,,,,
,,,,
,,,,
,,,,
,,,,
,,,,
,,,,
,,,,
,,,,
,,,,
,,,,
,,,,
,,,,
,,,,
,,,,
,,,,
,,,,
,,,,
,,,,
,,,,
,,,,
,,,,
,,,,
,,,,
,,,,
,,,,
,,,,
,,,,
,,,,
,,,,
,,,,
,,,,
,,,,
,,,,
,,,,
,,,,
,,,,
,,,,
,,,,
,,,,
,,,,
,,,,
,,,,
,,,,
,,,,
,,,,
,,,,
,,,,
,,,,
,,,,
,,,,
,,,,
,,,,
,,,,
,,,,
,,,,
,,,,
,,,,
,,,,
,,,,
,,,,
,,,,
,,,,
,,,,
,,,,
,,,,
,,,,
,,,,
,,,,
,,,,
,,,,
,,,,
,,,,
,,,,
,,,,
,,,,
,,,,
,,,,
,,,,
,,,,
,,,,
,,,,
,,,,
,,,,
,,,,
,,,,
,,,,
,,,,
,,,,
,,,,
,,,,
,,,,
,,,,
,,,,
,,,,
,,,,
,,,,
,,,,
,,,,
,,,,
,,,,
,,,,
,,,,
,,,,
,,,,
,,,,
,,,,
,,,,
,,,,
,,,,
,,,,
,,,,
,,,,
,,,,
,,,,
,,,,
,,,,
,,,,
,,,,
,,,,
,,,,
,,,,
,,,,
,,,,
,,,,
,,,,
,,,,
,,,,
,,,,
,,,,
,,,,
,,,,
,,,,
,,,,
,,,,
,,,,
,,,,
,,,,
,,,,
,,,,
,,,,
,,,,
,,,,
,,,,
,,,,
,,,,
,,,,
,,,,
,,,,
,,,,
,,,,
,,,,
,,,,
,,,,
,,,,
,,,,
,,,,
,,,,
,,,,
,,,,
,,,,
,,,,
,,,,
,,,,
,,,,
,,,,
,,,,
,,,,
,,,,
,,,,
,,,,
,,,,
,,,,
,,,,
,,,,
,,,,
,,,,
,,,,
,,,,
,,,,
,,,,
,,,,
,,,,
,,,,
,,,,
,,,,
,,,,
,,,,
,,,,
,,,,
,,,,
,,,,
,,,,
,,,,
,,,,
,,,,
,,,,
,,,,
,,,,
,,,,
,,,,
,,,,
,,,,
,,,,
,,,,
,,,,
,,,,
,,,,
,,,,
,,,,
,,,,
,,,,
,,,,
,,,,
,,,,
,,,,
,,,,
,,,,
,,,,
,,,,
,,,,
,,,,
,,,,
,,,,
,,,,
,,,,
,,,,
,,,,
,,,,
,,,,
,,,,
,,,,
,,,,
,,,,
,,,,
,,,,
,,,,
,,,,
,,,,
,,,,
,,,,
,,,,
,,,,
,,,,
,,,,
,,,,
,,,,
,,,,
,,,,
,,,,
,,,,
,,,,
,,,,
,,,,
,,,,
,,,,
,,,,
,,,,
,,,,
,,,,
,,,,
,,,,
,,,,
,,,,
,,,,
,,,,
,,,,
,,,,
,,,,
,,,,
,,,,
,,,,
,,,,
,,,,
,,,,
,,,,
,,,,
,,,,
,,,,
,,,,
,,,,
,,,,
,,,,
,,,,
,,,,
,,,,
,,,,
,,,,
,,,,
,,,,
,,,,
,,,,
,,,,
,,,,
,,,,
,,,,
,,,,
,,,,
,,,,
,,,,
,,,,
,,,,
,,,,
,,,,
,,,,
,,,,
,,,,
,,,,
,,,,
,,,,
,,,,
,,,,
,,,,
,,,,
,,,,
,,,,
,,,,
,,,,
,,,,
,,,,
,,,,
,,,,
,,,,
,,,,
,,,,
,,,,
,,,,
,,,,
,,,,
,,,,
,,,,
,,,,
,,,,
,,,,
,,,,
,,,,
,,,,
,,,,
,,,,
,,,,
,,,,
,,,,
,,,,
,,,,
,,,,
,,,,
,,,,
,,,,
,,,,
,,,,
,,,,
,,,,
,,,,
,,,,
,,,,
,,,,
,,,,
,,,,
,,,,
,,,,
,,,,
,,,,
,,,,
,,,,
,,,,
,,,,
,,,,
,,,,
,,,,
,,,,
,,,,
,,,,
,,,,
,,,,
,,,,
,,,,
,,,,
,,,,
,,,,
,,,,
,,,,
,,,,
,,,,
,,,,
,,,,
,,,,
,,,,
,,,,
,,,,
,,,,
,,,,
,,,,
,,,,
,,,,
,,,,
,,,,
,,,,
,,,,
,,,,
,,,,
,,,,
,,,,
,,,,
,,,,
,,,,
,,,,
,,,,
,,,,
,,,,
,,,,
,,,,
,,,,
,,,,
,,,,
,,,,
,,,,
,,,,
,,,,
,,,,
,,,,
,,,,
,,,,
,,,,
,,,,
,,,,
,,,,
,,,,
,,,,
,,,,
,,,,
,,,,
,,,,
,,,,
,,,,
,,,,
,,,,
,,,,
,,,,
,,,,
,,,,
,,,,
,,,,
,,,,
,,,,
,,,,
,,,,
,,,,
,,,,
,,,,
,,,,
,,,,
,,,,
,,,,
,,,,
,,,,
,,,,
,,,,
,,,,
,,,,
,,,,
,,,,
,,,,
,,,,
,,,,
,,,,
,,,,
,,,,
,,,,
,,,,
,,,,
,,,,
,,,,
,,,,
,,,,
,,,,
,,,,
,,,,
,,,,
,,,,
,,,,
,,,,
,,,,
,,,,
,,,,
,,,,
,,,,
,,,,
,,,,
,,,,
,,,,
,,,,
,,,,
,,,,
,,,,
,,,,
,,,,
,,,,
,,,,
,,,,
,,,,
,,,,